region,category,location_id,name,tripadvisor_url
광안리,RESTAURANT,27961145,젤라또조이 광안리점,https://www.tripadvisor.co.kr/Restaurant_Review-g297884-d27961145-Reviews-Gelato_Joy_Gwangalli-Busan.html
광안리,ATTRACTION,,광안리해수욕장,https://www.tripadvisor.co.kr/Attraction_Review-g297884-d1605137-Reviews-Gwangalli_Beach-Busan.html
광안리,RESTAURANT,30261013,광안리고기집,
광안리,RESTAURANT,33090520,OBPC광안리,
광안리,RESTAURANT,33412828,듀플릿 광안점,
광안리,RESTAURANT,18341191,요이쿠마,
광안리,RESTAURANT,8472268,장수삼,
광안리,RESTAURANT,32829203,갯벌의조개 광안리점,
광안리,RESTAURANT,11832275,해피몽크,
광안리,RESTAURANT,33222297,Pasta Jam,
광안리,RESTAURANT,32763337,광안리 카페 아포가토 디 젤라또,
광안리,HOTEL,1162841,Hotel Aqua Palace,
광안리,HOTEL,10423568,Kent Hotel Gwangalli by Kensington,
광안리,HOTEL,660899,Homers Hotel,
광안리,HOTEL,14008119,Hotel 1,
광안리,HOTEL,12879088,H Avenue Gwangalli,
광안리,HOTEL,33090548,AG405 Hotel,
광안리,HOTEL,16646713,Best Louis Hamilton Hotel - Gwangalli,
광안리,HOTEL,21501342,Hotel Central Bay,
광안리,HOTEL,12171890,Marine View Hotel,
광안리,HOTEL,12231531,Gwangan Hound Hotel,
광안리,ATTRACTION,1605137,Gwangalli Beach,
광안리,ATTRACTION,4354720,Gwangandaegyo Bridge,
광안리,ATTRACTION,10020501,Busan Fireworks Festival,
광안리,ATTRACTION,4095638,Minrak Waterside Park,
광안리,ATTRACTION,2344546,Shinsegae Dept. Store Centum City,
광안리,ATTRACTION,1625598,Shinsegae Centum City Spaland,
광안리,ATTRACTION,2233935,BEXCO (Busan Exhibition & Convention Center),
광안리,ATTRACTION,1891507,Busan Museum of Art,
광안리,ATTRACTION,8055861,Busan Cinema Centre,
광안리,ATTRACTION,19176237,MUSEUM 1,
수영구,RESTAURANT,3938456,Outback Steakhouse Busan Namcheon,
수영구,RESTAURANT,3940134,Lotteria Busan Namcheon Store,
수영구,RESTAURANT,32712509,Taeri Taeri Restaurant,
수영구,RESTAURANT,13347071,Namcheon Halmae Tteokbokki,
수영구,RESTAURANT,12083285,Olta Mister Sushi Namcheon,
수영구,RESTAURANT,13484485,Clam,
수영구,RESTAURANT,13387708,Eonyang Bulgogi Busan Jib,
수영구,RESTAURANT,4034104,El Olive,
수영구,RESTAURANT,12799781,Boksoondoga F1963,
수영구,RESTAURANT,27540583,Eutteum Iroribata,
수영구,HOTEL,7274697,The Wendy House Gwangalli Busan,
수영구,HOTEL,8773891,Bexco Hostel,
수영구,HOTEL,10049593,Jini Guesthouse,
수영구,HOTEL,6787183,White Island Cafe & Guesthouse,
수영구,HOTEL,17689900,Ocean 2 Heaven,
수영구,HOTEL,12175814,Discovery Busan,
수영구,HOTEL,1186834,Utopia Hotel,
수영구,HOTEL,3965013,Yaja Hotel - Gwangalli,
수영구,HOTEL,1186872,Park Hotel,
수영구,HOTEL,12222181,Brown Dot Hotel Gwangalli,
수영구,ATTRACTION,19723237,F1963,
수영구,ATTRACTION,8285483,Namcheon Cathedral,
수영구,ATTRACTION,15544947,Gwangan Market,
수영구,ATTRACTION,18314973,Kukje Gallery - Busan,
수영구,ATTRACTION,33021758,Hyundai Motorstudio Busan,
수영구,ATTRACTION,4094874,AN Art Hall.Red,
수영구,ATTRACTION,4094826,Doshi Galery,
수영구,ATTRACTION,33367798,Homecoming Lab,
수영구,ATTRACTION,34089828,"Gwangalli Starbam, K-pop Bar",
수영구,ATTRACTION,12282048,G.Junk Art,
남구,RESTAURANT,9226528,Ssangdungi Dwaeji Gukbap,
남구,RESTAURANT,21285343,Magnate,
남구,RESTAURANT,25291433,Funny Beer,
남구,RESTAURANT,9372554,Yoogane - Kyungsung University,
남구,RESTAURANT,14801013,Icheung Jib 564-9,
남구,RESTAURANT,6384285,Oryukdo Gawan,
남구,RESTAURANT,9054024,Gentz Bakery - Main Shop,
남구,RESTAURANT,8830954,Hakone,
남구,RESTAURANT,15187460,Yonghodong Halmae Patbingsu Danpatjuk,
남구,RESTAURANT,33085550,Jeongbada Yongho-dong Hoetjip Busan Sukseonghoe,
남구,HOTEL,17689661,Avani Central Busan Hotel,
남구,HOTEL,8705129,Vovtel,
남구,HOTEL,7333732,1 Night 2 Days Motel,
남구,HOTEL,7034703,Cube Motel,
남구,HOTEL,4092549,Kim's House in Busan 2,
남구,HOTEL,4211941,Kyunsung Hostel,
남구,HOTEL,10778929,Le IDEA HOTEL,
남구,HOTEL,22983160,Brown Dot Hotel - Daeyeon,
남구,HOTEL,7793044,Muri Hotel,
남구,HOTEL,8631320,T Hotel,
남구,ATTRACTION,7622552,Oryukdo Skywalk,
남구,ATTRACTION,21264691,Igidae Park,
남구,ATTRACTION,4412503,Oryukdo Island,
남구,ATTRACTION,1465262,UN Memorial Cemetery,
남구,ATTRACTION,1758083,Busan Museum,
남구,ATTRACTION,6498233,Busan Cultural Center,
남구,ATTRACTION,12962987,United Nations Peace Memorial Hall,
남구,ATTRACTION,11925417,National Memorial Museum of Forced Mobilization under Japanese Occupation,
남구,ATTRACTION,19717718,Securities Museum - Busan,
남구,ATTRACTION,14499880,Daeyongdong Cultural Alley,
광안리,RESTAURANT,9981909,Gorilla Brewing Co.,
광안리,RESTAURANT,10457294,Bollywood Indian Restaurant & Bar,
광안리,RESTAURANT,10306218,HQ Gwangan,
광안리,RESTAURANT,6818418,Butcher's Burger Gwangan,
광안리,RESTAURANT,8671159,Bombay Brau Busan Gwangali,
광안리,RESTAURANT,32765057,Baro Haejang,
광안리,RESTAURANT,27112389,Ggulggeok House,
광안리,RESTAURANT,14821302,Bawoone Naju Gomtang - Gwangan,
광안리,RESTAURANT,34303602,ieodohoesjib gwang-anjeom,
광안리,RESTAURANT,18928090,Inkimyung - Busan Gwangalli,
광안리,RESTAURANT,11890732,Mango Hotel,
광안리,RESTAURANT,34470369,Elmomento Gwangan Hotel Residence,
광안리,RESTAURANT,12956057,No.25 Hotel Gwangan,
광안리,RESTAURANT,17386050,H Avenue Gwangan Beach,
광안리,RESTAURANT,15135376,Hotel Maison,
광안리,RESTAURANT,3977289,Bridge Motel,
광안리,RESTAURANT,12351473,Bridge Hotel,
광안리,RESTAURANT,15300566,Ocean View Hotel,
광안리,RESTAURANT,12245316,Star Hotel Gwanganri,
광안리,RESTAURANT,18919906,Gray 193 Hotel,
광안리,ATTRACTION,33410016,Gwangalli Ocean view Ring Making Workshop One-Day Class,
광안리,ATTRACTION,33956098,Goajin Aesthetics,
광안리,ATTRACTION,8766263,Game of Minds,
광안리,ATTRACTION,25075393,Busan Israel House,
광안리,ATTRACTION,4095945,Gwangan Haesu World,
광안리,ATTRACTION,28099719,"Rosa yacht, Busan Korea",
광안리,ATTRACTION,3447149,APEC Naru Park,
광안리,ATTRACTION,21298858,Dongbaekseom,
광안리,ATTRACTION,9601976,The Bay 101 Yacht Club,
광안리,ATTRACTION,13367912,Haeundae Cinema Street,
